publishedAt,channelId,title,description,thumbnails,channelTitle,liveBroadcastContent,publishTime,logo,check
2012-08-03T08:37:23Z,UCt2JXOLNxqry7B_4rRZME3Q,ICC,This is the official YouTube channel of the International Cricket Council.,"{'default': {'url': 'https://yt3.ggpht.com/3K6h6gpMPf4mK9qh6SXTl0W3PLxnOMzUnFHc2lbS9t-ucS-b4JGcR8nW7ja9XDYkHM-kAnijk2c=s88-c-k-c0xffffffff-no-rj-mo'}, 'medium': {'url': 'https://yt3.ggpht.com/3K6h6gpMPf4mK9qh6SXTl0W3PLxnOMzUnFHc2lbS9t-ucS-b4JGcR8nW7ja9XDYkHM-kAnijk2c=s240-c-k-c0xffffffff-no-rj-mo'}, 'high': {'url': 'https://yt3.ggpht.com/3K6h6gpMPf4mK9qh6SXTl0W3PLxnOMzUnFHc2lbS9t-ucS-b4JGcR8nW7ja9XDYkHM-kAnijk2c=s800-c-k-c0xffffffff-no-rj-mo'}}",ICC,upcoming,2012-08-03T08:37:23Z,https://yt3.ggpht.com/3K6h6gpMPf4mK9qh6SXTl0W3PLxnOMzUnFHc2lbS9t-ucS-b4JGcR8nW7ja9XDYkHM-kAnijk2c=s88-c-k-c0xffffffff-no-rj-mo,False
2016-07-31T08:34:43Z,UCjdtYffTCi9xCM4prY2V0Tw,필그림 ICC 청년공동체,"In Christ Community, 필그림교회 소속 청년 공동체 예배시간: 주일 오후 2시 외부사역 문의: 032-227-9100.","{'default': {'url': 'https://yt3.ggpht.com/29gF5Q5i1hbinvvR0ak3faSrjk9i4lp6URaRS9WHpDJwBs8EhZsHyaqZ3JbQzEselyXEts7tkQ=s88-c-k-c0xffffffff-no-rj-mo'}, 'medium': {'url': 'https://yt3.ggpht.com/29gF5Q5i1hbinvvR0ak3faSrjk9i4lp6URaRS9WHpDJwBs8EhZsHyaqZ3JbQzEselyXEts7tkQ=s240-c-k-c0xffffffff-no-rj-mo'}, 'high': {'url': 'https://yt3.ggpht.com/29gF5Q5i1hbinvvR0ak3faSrjk9i4lp6URaRS9WHpDJwBs8EhZsHyaqZ3JbQzEselyXEts7tkQ=s800-c-k-c0xffffffff-no-rj-mo'}}",필그림 ICC 청년공동체,none,2016-07-31T08:34:43Z,https://yt3.ggpht.com/29gF5Q5i1hbinvvR0ak3faSrjk9i4lp6URaRS9WHpDJwBs8EhZsHyaqZ3JbQzEselyXEts7tkQ=s88-c-k-c0xffffffff-no-rj-mo,False
2012-04-18T13:58:39Z,UCAIUeduIUX1E6sTIoW-vbUQ,ICC TV,Impact Centre Chrétien (ICC) est une église où l'amour de Dieu transforme les gens ordinaires en disciples de Jésus. La famille ...,"{'default': {'url': 'https://yt3.ggpht.com/MtBS1MmqJQO_m-yN2duWX8nraXjzKJSrjwPvXoWajkvrd58bqKs4YN8a6odTyYOYNHRhaboWNNU=s88-c-k-c0xffffffff-no-rj-mo'}, 'medium': {'url': 'https://yt3.ggpht.com/MtBS1MmqJQO_m-yN2duWX8nraXjzKJSrjwPvXoWajkvrd58bqKs4YN8a6odTyYOYNHRhaboWNNU=s240-c-k-c0xffffffff-no-rj-mo'}, 'high': {'url': 'https://yt3.ggpht.com/MtBS1MmqJQO_m-yN2duWX8nraXjzKJSrjwPvXoWajkvrd58bqKs4YN8a6odTyYOYNHRhaboWNNU=s800-c-k-c0xffffffff-no-rj-mo'}}",ICC TV,live,2012-04-18T13:58:39Z,https://yt3.ggpht.com/MtBS1MmqJQO_m-yN2duWX8nraXjzKJSrjwPvXoWajkvrd58bqKs4YN8a6odTyYOYNHRhaboWNNU=s88-c-k-c0xffffffff-no-rj-mo,False
2019-09-22T08:13:14Z,UCbOfqZ7cMX-1JJ4pRbX56Iw,ICC Jakarta TV,Islamic Cultural Center Jakarta Website: https://icc-jakarta.com Instagram: https://www.instagram.com/iccgram/?hl=id Podcast: ...,"{'default': {'url': 'https://yt3.ggpht.com/ytc/AIdro_nkneivLZQVzQ7S59V0UswxyyWLgfJadolH3Mm6lPV9g1s=s88-c-k-c0xffffffff-no-rj-mo'}, 'medium': {'url': 'https://yt3.ggpht.com/ytc/AIdro_nkneivLZQVzQ7S59V0UswxyyWLgfJadolH3Mm6lPV9g1s=s240-c-k-c0xffffffff-no-rj-mo'}, 'high': {'url': 'https://yt3.ggpht.com/ytc/AIdro_nkneivLZQVzQ7S59V0UswxyyWLgfJadolH3Mm6lPV9g1s=s800-c-k-c0xffffffff-no-rj-mo'}}",ICC Jakarta TV,none,2019-09-22T08:13:14Z,https://yt3.ggpht.com/ytc/AIdro_nkneivLZQVzQ7S59V0UswxyyWLgfJadolH3Mm6lPV9g1s=s88-c-k-c0xffffffff-no-rj-mo,False
2016-02-09T23:37:28Z,UCJg5PAsj8fP45Fn8Pr5a3LQ,Industry Co-Creation,Industry Co-Creation(ICC)は「ともに学び、ともに産業を創る」をコンセプトとした経営者・幹部が集まるビジネス・ ...,"{'default': {'url': 'https://yt3.ggpht.com/ytc/AIdro_nayK7YCEhOwo8TbE6iU3u4MilzoIZS1Xhi58dywfD0bPE=s88-c-k-c0xffffffff-no-rj-mo'}, 'medium': {'url': 'https://yt3.ggpht.com/ytc/AIdro_nayK7YCEhOwo8TbE6iU3u4MilzoIZS1Xhi58dywfD0bPE=s240-c-k-c0xffffffff-no-rj-mo'}, 'high': {'url': 'https://yt3.ggpht.com/ytc/AIdro_nayK7YCEhOwo8TbE6iU3u4MilzoIZS1Xhi58dywfD0bPE=s800-c-k-c0xffffffff-no-rj-mo'}}",Industry Co-Creation,none,2016-02-09T23:37:28Z,https://yt3.ggpht.com/ytc/AIdro_nayK7YCEhOwo8TbE6iU3u4MilzoIZS1Xhi58dywfD0bPE=s88-c-k-c0xffffffff-no-rj-mo,False
2020-06-13T18:16:17Z,UCnSYPNoDtPjqRFYFzrBtLPA,ICC Nairobi Worship,"ICC Nairobi Worship is the Worship Ministry of International Christian Center in Nairobi, Kenya. Our team consists of worship ...","{'default': {'url': 'https://yt3.ggpht.com/aUAQf76EKOTuSbBjog0uX5uQQfCwJgUv6AGzdAiV8fPgPh2GMYlET6VCYT6hZMj2JI8zuPStsBM=s88-c-k-c0xffffffff-no-rj-mo'}, 'medium': {'url': 'https://yt3.ggpht.com/aUAQf76EKOTuSbBjog0uX5uQQfCwJgUv6AGzdAiV8fPgPh2GMYlET6VCYT6hZMj2JI8zuPStsBM=s240-c-k-c0xffffffff-no-rj-mo'}, 'high': {'url': 'https://yt3.ggpht.com/aUAQf76EKOTuSbBjog0uX5uQQfCwJgUv6AGzdAiV8fPgPh2GMYlET6VCYT6hZMj2JI8zuPStsBM=s800-c-k-c0xffffffff-no-rj-mo'}}",ICC Nairobi Worship,upcoming,2020-06-13T18:16:17Z,https://yt3.ggpht.com/aUAQf76EKOTuSbBjog0uX5uQQfCwJgUv6AGzdAiV8fPgPh2GMYlET6VCYT6hZMj2JI8zuPStsBM=s88-c-k-c0xffffffff-no-rj-mo,False
2012-06-29T13:42:16Z,UCo4zQfdQmtfumf8aUqTlkfQ,ICC Nairobi,"A church that Connects people to God and to each other, Challenges believers to Christlikeness through God's word so that they ...","{'default': {'url': 'https://yt3.ggpht.com/ytc/AIdro_kPaYhzK0f3QGH_m_pvi-hQtiLmsIEEvnc6U_D7CLm8m6c=s88-c-k-c0xffffffff-no-rj-mo'}, 'medium': {'url': 'https://yt3.ggpht.com/ytc/AIdro_kPaYhzK0f3QGH_m_pvi-hQtiLmsIEEvnc6U_D7CLm8m6c=s240-c-k-c0xffffffff-no-rj-mo'}, 'high': {'url': 'https://yt3.ggpht.com/ytc/AIdro_kPaYhzK0f3QGH_m_pvi-hQtiLmsIEEvnc6U_D7CLm8m6c=s800-c-k-c0xffffffff-no-rj-mo'}}",ICC Nairobi,upcoming,2012-06-29T13:42:16Z,https://yt3.ggpht.com/ytc/AIdro_kPaYhzK0f3QGH_m_pvi-hQtiLmsIEEvnc6U_D7CLm8m6c=s88-c-k-c0xffffffff-no-rj-mo,False
2017-04-27T15:18:05Z,UCaieLhMvZ8sULikEMlgqunw,Sacramento City ICC,A member of the SoldOut discipling movement.,"{'default': {'url': 'https://yt3.ggpht.com/ytc/AIdro_luG3kdwkKkPglJb1FMkkbaxw0f1j1ICuYz-iYjuRwOppE=s88-c-k-c0xffffffff-no-rj-mo'}, 'medium': {'url': 'https://yt3.ggpht.com/ytc/AIdro_luG3kdwkKkPglJb1FMkkbaxw0f1j1ICuYz-iYjuRwOppE=s240-c-k-c0xffffffff-no-rj-mo'}, 'high': {'url': 'https://yt3.ggpht.com/ytc/AIdro_luG3kdwkKkPglJb1FMkkbaxw0f1j1ICuYz-iYjuRwOppE=s800-c-k-c0xffffffff-no-rj-mo'}}",Sacramento City ICC,none,2017-04-27T15:18:05Z,https://yt3.ggpht.com/ytc/AIdro_luG3kdwkKkPglJb1FMkkbaxw0f1j1ICuYz-iYjuRwOppE=s88-c-k-c0xffffffff-no-rj-mo,False
2018-11-18T21:26:41Z,UCxJEoB_gBYtUPL-eUgSiBbw,ICC Worship,,"{'default': {'url': 'https://yt3.ggpht.com/ytc/AIdro_ls8E1-vplvG4m3uiF1dhUrSYdMpht9E2eNTLheYPObYA=s88-c-k-c0xffffffff-no-rj-mo'}, 'medium': {'url': 'https://yt3.ggpht.com/ytc/AIdro_ls8E1-vplvG4m3uiF1dhUrSYdMpht9E2eNTLheYPObYA=s240-c-k-c0xffffffff-no-rj-mo'}, 'high': {'url': 'https://yt3.ggpht.com/ytc/AIdro_ls8E1-vplvG4m3uiF1dhUrSYdMpht9E2eNTLheYPObYA=s800-c-k-c0xffffffff-no-rj-mo'}}",ICC Worship,none,2018-11-18T21:26:41Z,https://yt3.ggpht.com/ytc/AIdro_ls8E1-vplvG4m3uiF1dhUrSYdMpht9E2eNTLheYPObYA=s88-c-k-c0xffffffff-no-rj-mo,False
2018-10-23T11:30:33Z,UCMuQNHytXstfpYMVAZJbQ-w,Indore Cricket Club ICC,Indore Cricket Club (ICC) practice match / Open tournament / IDCA tournament / weekly Match Practice *Admission Open Now* ...,"{'default': {'url': 'https://yt3.ggpht.com/sAHFAjp6bCSar_ZqZjJCQCy-XHWoOl7kihUl3fnmqdH6MBK9BiuIWF9UIF2KASMhdT9zsMVYpw=s88-c-k-c0xffffffff-no-rj-mo'}, 'medium': {'url': 'https://yt3.ggpht.com/sAHFAjp6bCSar_ZqZjJCQCy-XHWoOl7kihUl3fnmqdH6MBK9BiuIWF9UIF2KASMhdT9zsMVYpw=s240-c-k-c0xffffffff-no-rj-mo'}, 'high': {'url': 'https://yt3.ggpht.com/sAHFAjp6bCSar_ZqZjJCQCy-XHWoOl7kihUl3fnmqdH6MBK9BiuIWF9UIF2KASMhdT9zsMVYpw=s800-c-k-c0xffffffff-no-rj-mo'}}",Indore Cricket Club ICC,none,2018-10-23T11:30:33Z,https://yt3.ggpht.com/sAHFAjp6bCSar_ZqZjJCQCy-XHWoOl7kihUl3fnmqdH6MBK9BiuIWF9UIF2KASMhdT9zsMVYpw=s88-c-k-c0xffffffff-no-rj-mo,False
2023-01-12T20:56:06Z,UCBvUTuWHD8mBuLkWDm8R5ZA,ICC Jogositvany,,"{'default': {'url': 'https://yt3.ggpht.com/_levPFb3ItFLXg6MRZfwwT-Y5DUaz09FJLbLv-jXFqeaWynqsB54pOQhxaLdbwTa59E2BJug=s88-c-k-c0xffffffff-no-rj-mo'}, 'medium': {'url': 'https://yt3.ggpht.com/_levPFb3ItFLXg6MRZfwwT-Y5DUaz09FJLbLv-jXFqeaWynqsB54pOQhxaLdbwTa59E2BJug=s240-c-k-c0xffffffff-no-rj-mo'}, 'high': {'url': 'https://yt3.ggpht.com/_levPFb3ItFLXg6MRZfwwT-Y5DUaz09FJLbLv-jXFqeaWynqsB54pOQhxaLdbwTa59E2BJug=s800-c-k-c0xffffffff-no-rj-mo'}}",ICC Jogositvany,none,2023-01-12T20:56:06Z,https://yt3.ggpht.com/_levPFb3ItFLXg6MRZfwwT-Y5DUaz09FJLbLv-jXFqeaWynqsB54pOQhxaLdbwTa59E2BJug=s88-c-k-c0xffffffff-no-rj-mo,False
2014-11-11T09:39:35Z,UCJSbLpU-zadoY2oHrMbjeKQ,ICC TV Tours,Impact Centre Chrétien (ICC) est une église où l'amour de Dieu transforme les gens ordinaires en champions. La famille ICC se ...,"{'default': {'url': 'https://yt3.ggpht.com/ytc/AIdro_nju9YLRSfYN9cepDzdMOk5HEYC-YheDIlPASLnOvURtWE=s88-c-k-c0xffffffff-no-rj-mo'}, 'medium': {'url': 'https://yt3.ggpht.com/ytc/AIdro_nju9YLRSfYN9cepDzdMOk5HEYC-YheDIlPASLnOvURtWE=s240-c-k-c0xffffffff-no-rj-mo'}, 'high': {'url': 'https://yt3.ggpht.com/ytc/AIdro_nju9YLRSfYN9cepDzdMOk5HEYC-YheDIlPASLnOvURtWE=s800-c-k-c0xffffffff-no-rj-mo'}}",ICC TV Tours,none,2014-11-11T09:39:35Z,https://yt3.ggpht.com/ytc/AIdro_nju9YLRSfYN9cepDzdMOk5HEYC-YheDIlPASLnOvURtWE=s88-c-k-c0xffffffff-no-rj-mo,False
2019-02-08T13:59:35Z,UCSxICRoHJGMfTn_ymHWe58w,ICC DHA2,"ICC DHA2 Islamabad, Pakistan.","{'default': {'url': 'https://yt3.ggpht.com/AoGJidF5QXZM65RNWNekdwEp8ERcjF1ypdYmw0wmWYoydBcJA98m0AsAKEmnIa-fF_-3v2mSGTM=s88-c-k-c0xffffffff-no-rj-mo'}, 'medium': {'url': 'https://yt3.ggpht.com/AoGJidF5QXZM65RNWNekdwEp8ERcjF1ypdYmw0wmWYoydBcJA98m0AsAKEmnIa-fF_-3v2mSGTM=s240-c-k-c0xffffffff-no-rj-mo'}, 'high': {'url': 'https://yt3.ggpht.com/AoGJidF5QXZM65RNWNekdwEp8ERcjF1ypdYmw0wmWYoydBcJA98m0AsAKEmnIa-fF_-3v2mSGTM=s800-c-k-c0xffffffff-no-rj-mo'}}",ICC DHA2,upcoming,2019-02-08T13:59:35Z,https://yt3.ggpht.com/AoGJidF5QXZM65RNWNekdwEp8ERcjF1ypdYmw0wmWYoydBcJA98m0AsAKEmnIa-fF_-3v2mSGTM=s88-c-k-c0xffffffff-no-rj-mo,False
2015-11-20T10:00:56Z,UCc6CCp_Wig8hpX2p6lyR2MQ,NTTインターコミュニケーション・センター [ICC],,"{'default': {'url': 'https://yt3.ggpht.com/ytc/AIdro_lvbg5FfIDCw1xSH4Q8Vgic4vZsgl4yEy7wVnOG4_wzFA=s88-c-k-c0xffffffff-no-rj-mo'}, 'medium': {'url': 'https://yt3.ggpht.com/ytc/AIdro_lvbg5FfIDCw1xSH4Q8Vgic4vZsgl4yEy7wVnOG4_wzFA=s240-c-k-c0xffffffff-no-rj-mo'}, 'high': {'url': 'https://yt3.ggpht.com/ytc/AIdro_lvbg5FfIDCw1xSH4Q8Vgic4vZsgl4yEy7wVnOG4_wzFA=s800-c-k-c0xffffffff-no-rj-mo'}}",NTTインターコミュニケーション・センター [ICC],none,2015-11-20T10:00:56Z,https://yt3.ggpht.com/ytc/AIdro_lvbg5FfIDCw1xSH4Q8Vgic4vZsgl4yEy7wVnOG4_wzFA=s88-c-k-c0xffffffff-no-rj-mo,False
2020-10-06T15:41:53Z,UCpQr5RSefbMEpgijlrPYkng,Comunidad ICC RD,Cuenta Oficial Iglesia Comunitaria Cristiana (ICC) que busca llevar la palabra de Dios a todo el mundo.,"{'default': {'url': 'https://yt3.ggpht.com/ytc/AIdro_lLkVEA6GNZ7JWtnKxPFZKqpej6gzVa1q0zRROUdpn40g=s88-c-k-c0xffffffff-no-rj-mo'}, 'medium': {'url': 'https://yt3.ggpht.com/ytc/AIdro_lLkVEA6GNZ7JWtnKxPFZKqpej6gzVa1q0zRROUdpn40g=s240-c-k-c0xffffffff-no-rj-mo'}, 'high': {'url': 'https://yt3.ggpht.com/ytc/AIdro_lLkVEA6GNZ7JWtnKxPFZKqpej6gzVa1q0zRROUdpn40g=s800-c-k-c0xffffffff-no-rj-mo'}}",Comunidad ICC RD,none,2020-10-06T15:41:53Z,https://yt3.ggpht.com/ytc/AIdro_lLkVEA6GNZ7JWtnKxPFZKqpej6gzVa1q0zRROUdpn40g=s88-c-k-c0xffffffff-no-rj-mo,False
2022-07-10T13:02:47Z,UC6L4Fsm0bs5tQh9gSlpOiIg,ICC COMPUTER INSTITUTE,Join Today ICC कम्प्यूटर ट्रेनिंग इंस्टिट्यूट टॉवर कैम्पस भाटपार रानी.,"{'default': {'url': 'https://yt3.ggpht.com/4QghTfz1nhBHbM01399cQ2qX4LNKPdJTl4j5LecVwHlLJCvNbJPWbFMVgodO3ibU8mEwVB5Tvw=s88-c-k-c0xffffffff-no-rj-mo'}, 'medium': {'url': 'https://yt3.ggpht.com/4QghTfz1nhBHbM01399cQ2qX4LNKPdJTl4j5LecVwHlLJCvNbJPWbFMVgodO3ibU8mEwVB5Tvw=s240-c-k-c0xffffffff-no-rj-mo'}, 'high': {'url': 'https://yt3.ggpht.com/4QghTfz1nhBHbM01399cQ2qX4LNKPdJTl4j5LecVwHlLJCvNbJPWbFMVgodO3ibU8mEwVB5Tvw=s800-c-k-c0xffffffff-no-rj-mo'}}",ICC COMPUTER INSTITUTE,none,2022-07-10T13:02:47Z,https://yt3.ggpht.com/4QghTfz1nhBHbM01399cQ2qX4LNKPdJTl4j5LecVwHlLJCvNbJPWbFMVgodO3ibU8mEwVB5Tvw=s88-c-k-c0xffffffff-no-rj-mo,False
2019-02-28T18:21:14Z,UCRg27P2oahEjX-ChutC5zHA,BOGOTÁ ICC,Bienvenidos a nuestro Canal Oficial de Youtube! ¿Quiénes somos? Somos una iglesia no denominacional Cristiana ...,"{'default': {'url': 'https://yt3.ggpht.com/UKDVslHWoiI5m3yulWt_LkLb8Q7XVNVAO1gBIlQkchQR5tIcV3p0pze9KXnvnjQ77gRFVMe4TFE=s88-c-k-c0xffffffff-no-rj-mo'}, 'medium': {'url': 'https://yt3.ggpht.com/UKDVslHWoiI5m3yulWt_LkLb8Q7XVNVAO1gBIlQkchQR5tIcV3p0pze9KXnvnjQ77gRFVMe4TFE=s240-c-k-c0xffffffff-no-rj-mo'}, 'high': {'url': 'https://yt3.ggpht.com/UKDVslHWoiI5m3yulWt_LkLb8Q7XVNVAO1gBIlQkchQR5tIcV3p0pze9KXnvnjQ77gRFVMe4TFE=s800-c-k-c0xffffffff-no-rj-mo'}}",BOGOTÁ ICC,upcoming,2019-02-28T18:21:14Z,https://yt3.ggpht.com/UKDVslHWoiI5m3yulWt_LkLb8Q7XVNVAO1gBIlQkchQR5tIcV3p0pze9KXnvnjQ77gRFVMe4TFE=s88-c-k-c0xffffffff-no-rj-mo,False
2020-03-05T03:16:10Z,UCfP0VNe7JANuoW19HRJybvA,ICC BOLLYWOOD BY AMIT & HIREN.,"ICC Bollywood Dance Academy by Amit & Hiren – one of the most dynamic, and vibrant academies of performing arts in the Bay ...","{'default': {'url': 'https://yt3.ggpht.com/ytc/AIdro_mrbyQ11Zi-lHCOJ8a1-_5uqhA7y2FTDL0gpDHSSlw0JQ=s88-c-k-c0xffffffff-no-rj-mo'}, 'medium': {'url': 'https://yt3.ggpht.com/ytc/AIdro_mrbyQ11Zi-lHCOJ8a1-_5uqhA7y2FTDL0gpDHSSlw0JQ=s240-c-k-c0xffffffff-no-rj-mo'}, 'high': {'url': 'https://yt3.ggpht.com/ytc/AIdro_mrbyQ11Zi-lHCOJ8a1-_5uqhA7y2FTDL0gpDHSSlw0JQ=s800-c-k-c0xffffffff-no-rj-mo'}}",ICC BOLLYWOOD BY AMIT & HIREN.,none,2020-03-05T03:16:10Z,https://yt3.ggpht.com/ytc/AIdro_mrbyQ11Zi-lHCOJ8a1-_5uqhA7y2FTDL0gpDHSSlw0JQ=s88-c-k-c0xffffffff-no-rj-mo,False
2014-10-09T05:07:14Z,UCVW1zR3hbNmNeXQiQprPYcw,ケーブルテレビ アイ・シー・シー,アイ・シー・シー（愛知県一宮市をエリアとするケーブルテレビ局）で制作された番組などを公開中。 ICCアプリでは、ICC ...,"{'default': {'url': 'https://yt3.ggpht.com/ytc/AIdro_nvjwTxjyA8oqz73aKav05iC8hlk_vmvwnoL-FAjkn7c6g=s88-c-k-c0xffffffff-no-rj-mo'}, 'medium': {'url': 'https://yt3.ggpht.com/ytc/AIdro_nvjwTxjyA8oqz73aKav05iC8hlk_vmvwnoL-FAjkn7c6g=s240-c-k-c0xffffffff-no-rj-mo'}, 'high': {'url': 'https://yt3.ggpht.com/ytc/AIdro_nvjwTxjyA8oqz73aKav05iC8hlk_vmvwnoL-FAjkn7c6g=s800-c-k-c0xffffffff-no-rj-mo'}}",ケーブルテレビ アイ・シー・シー,none,2014-10-09T05:07:14Z,https://yt3.ggpht.com/ytc/AIdro_nvjwTxjyA8oqz73aKav05iC8hlk_vmvwnoL-FAjkn7c6g=s88-c-k-c0xffffffff-no-rj-mo,False
2009-06-17T12:29:38Z,UCvHchqWN3VfFqigf4mgg27Q,International Chamber of Commerce (ICC),"ICC is the largest, most representative business organization in the world. Its hundreds of thousands of member companies in ...","{'default': {'url': 'https://yt3.ggpht.com/_0VFTSEUEAmlt8OCWLgOnZbYLPMYYbOjjuahOqeICxap7SLvTS5L_Nrec-OUFrig2OCiF003DQ=s88-c-k-c0xffffffff-no-rj-mo'}, 'medium': {'url': 'https://yt3.ggpht.com/_0VFTSEUEAmlt8OCWLgOnZbYLPMYYbOjjuahOqeICxap7SLvTS5L_Nrec-OUFrig2OCiF003DQ=s240-c-k-c0xffffffff-no-rj-mo'}, 'high': {'url': 'https://yt3.ggpht.com/_0VFTSEUEAmlt8OCWLgOnZbYLPMYYbOjjuahOqeICxap7SLvTS5L_Nrec-OUFrig2OCiF003DQ=s800-c-k-c0xffffffff-no-rj-mo'}}",International Chamber of Commerce (ICC),upcoming,2009-06-17T12:29:38Z,https://yt3.ggpht.com/_0VFTSEUEAmlt8OCWLgOnZbYLPMYYbOjjuahOqeICxap7SLvTS5L_Nrec-OUFrig2OCiF003DQ=s88-c-k-c0xffffffff-no-rj-mo,False
2018-04-03T11:19:12Z,UCrz5raE58E35pykg_gAzuvw,ICC-MJIL TOGO,"Un concept autour de la vie de l'aigle, de son esprit d'excellence et des leçons à tirer pour une vie épanouie des jeunes chretiens ...","{'default': {'url': 'https://yt3.ggpht.com/ytc/AIdro_mjqNsrjgGY1YOwh78dSLulAYHh4TnIaHTU5UL00Rbbzg=s88-c-k-c0xffffffff-no-rj-mo'}, 'medium': {'url': 'https://yt3.ggpht.com/ytc/AIdro_mjqNsrjgGY1YOwh78dSLulAYHh4TnIaHTU5UL00Rbbzg=s240-c-k-c0xffffffff-no-rj-mo'}, 'high': {'url': 'https://yt3.ggpht.com/ytc/AIdro_mjqNsrjgGY1YOwh78dSLulAYHh4TnIaHTU5UL00Rbbzg=s800-c-k-c0xffffffff-no-rj-mo'}}",ICC-MJIL TOGO,upcoming,2018-04-03T11:19:12Z,https://yt3.ggpht.com/ytc/AIdro_mjqNsrjgGY1YOwh78dSLulAYHh4TnIaHTU5UL00Rbbzg=s88-c-k-c0xffffffff-no-rj-mo,False
2023-10-05T14:36:39Z,UCWUM-wvNqkz91QQKZU-tDRg,CRICKET ICC T20 IPL,https://www.youtube.com/@CRICKETICCT20IPL.,"{'default': {'url': 'https://yt3.ggpht.com/8gpCiF7bX8T-2A_DkBHNfPhah-elO990KqDHzJt5-9Ed8S888Ja4SYECgzTmBuSpRO_O69hTrA=s88-c-k-c0xffffffff-no-rj-mo'}, 'medium': {'url': 'https://yt3.ggpht.com/8gpCiF7bX8T-2A_DkBHNfPhah-elO990KqDHzJt5-9Ed8S888Ja4SYECgzTmBuSpRO_O69hTrA=s240-c-k-c0xffffffff-no-rj-mo'}, 'high': {'url': 'https://yt3.ggpht.com/8gpCiF7bX8T-2A_DkBHNfPhah-elO990KqDHzJt5-9Ed8S888Ja4SYECgzTmBuSpRO_O69hTrA=s800-c-k-c0xffffffff-no-rj-mo'}}",CRICKET ICC T20 IPL,upcoming,2023-10-05T14:36:39Z,https://yt3.ggpht.com/8gpCiF7bX8T-2A_DkBHNfPhah-elO990KqDHzJt5-9Ed8S888Ja4SYECgzTmBuSpRO_O69hTrA=s88-c-k-c0xffffffff-no-rj-mo,False
2020-05-14T12:37:04Z,UCMOW8Hs6fcEot6QMOo76hNQ,ICC Nairobi Kids,Do you want to raise Godly generations? Welcome to the NextGen! This is the Children's ministry of International Christian Centre ...,"{'default': {'url': 'https://yt3.ggpht.com/ytc/AIdro_nP65AfqPR03oPmuEt3fNpk9Dd96KTwtT5H8XQRETv6-w=s88-c-k-c0xffffffff-no-rj-mo'}, 'medium': {'url': 'https://yt3.ggpht.com/ytc/AIdro_nP65AfqPR03oPmuEt3fNpk9Dd96KTwtT5H8XQRETv6-w=s240-c-k-c0xffffffff-no-rj-mo'}, 'high': {'url': 'https://yt3.ggpht.com/ytc/AIdro_nP65AfqPR03oPmuEt3fNpk9Dd96KTwtT5H8XQRETv6-w=s800-c-k-c0xffffffff-no-rj-mo'}}",ICC Nairobi Kids,none,2020-05-14T12:37:04Z,https://yt3.ggpht.com/ytc/AIdro_nP65AfqPR03oPmuEt3fNpk9Dd96KTwtT5H8XQRETv6-w=s88-c-k-c0xffffffff-no-rj-mo,False
2022-12-17T10:07:01Z,UCeivdtTqw3lj42RBcUAe3Pw,arun icc ,Hey friends My name is Arun parmar Please subscribe my channel #shorts #viral #trending #viratkohli #rohitsharma #icc #trend ...,"{'default': {'url': 'https://yt3.ggpht.com/9TKnmUzWdBYHeKqt74yYCkbxocOiift09YTgSGfgb03JPfxSUQCtLQO9IRbDUFozsAvfXvVnAA=s88-c-k-c0xffffffff-no-rj-mo'}, 'medium': {'url': 'https://yt3.ggpht.com/9TKnmUzWdBYHeKqt74yYCkbxocOiift09YTgSGfgb03JPfxSUQCtLQO9IRbDUFozsAvfXvVnAA=s240-c-k-c0xffffffff-no-rj-mo'}, 'high': {'url': 'https://yt3.ggpht.com/9TKnmUzWdBYHeKqt74yYCkbxocOiift09YTgSGfgb03JPfxSUQCtLQO9IRbDUFozsAvfXvVnAA=s800-c-k-c0xffffffff-no-rj-mo'}}",arun icc ,none,2022-12-17T10:07:01Z,https://yt3.ggpht.com/9TKnmUzWdBYHeKqt74yYCkbxocOiift09YTgSGfgb03JPfxSUQCtLQO9IRbDUFozsAvfXvVnAA=s88-c-k-c0xffffffff-no-rj-mo,False
2015-12-22T16:58:29Z,UCSnv_HJS6w9xuu4U8OLx1tQ,ICC IGLESIA,"IGLESIA CONFRATERNIDAD CRISTIANA ""La Casa del Alfarero"" Villa Devoto, CABA, Buenos Aires, Argentina ""Cambiando ...","{'default': {'url': 'https://yt3.ggpht.com/ytc/AIdro_lobJB7_jpzRIaVlPozUxOIRCzq5fYMdObXHV0YwkbBRwo=s88-c-k-c0xffffffff-no-rj-mo'}, 'medium': {'url': 'https://yt3.ggpht.com/ytc/AIdro_lobJB7_jpzRIaVlPozUxOIRCzq5fYMdObXHV0YwkbBRwo=s240-c-k-c0xffffffff-no-rj-mo'}, 'high': {'url': 'https://yt3.ggpht.com/ytc/AIdro_lobJB7_jpzRIaVlPozUxOIRCzq5fYMdObXHV0YwkbBRwo=s800-c-k-c0xffffffff-no-rj-mo'}}",ICC IGLESIA,none,2015-12-22T16:58:29Z,https://yt3.ggpht.com/ytc/AIdro_lobJB7_jpzRIaVlPozUxOIRCzq5fYMdObXHV0YwkbBRwo=s88-c-k-c0xffffffff-no-rj-mo,False
2020-03-17T22:08:02Z,UCKgTYbonHMgZx2143q-sq3Q,ICC Kelowna,Videos & Live Streaming of events from Immaculate Conception Church.,"{'default': {'url': 'https://yt3.ggpht.com/ytc/AIdro_nwIBGSKJituOu7Y8LarZmQYgrz7tguztfDYcFFeBmpTw=s88-c-k-c0xffffffff-no-rj-mo'}, 'medium': {'url': 'https://yt3.ggpht.com/ytc/AIdro_nwIBGSKJituOu7Y8LarZmQYgrz7tguztfDYcFFeBmpTw=s240-c-k-c0xffffffff-no-rj-mo'}, 'high': {'url': 'https://yt3.ggpht.com/ytc/AIdro_nwIBGSKJituOu7Y8LarZmQYgrz7tguztfDYcFFeBmpTw=s800-c-k-c0xffffffff-no-rj-mo'}}",ICC Kelowna,live,2020-03-17T22:08:02Z,https://yt3.ggpht.com/ytc/AIdro_nwIBGSKJituOu7Y8LarZmQYgrz7tguztfDYcFFeBmpTw=s88-c-k-c0xffffffff-no-rj-mo,False
2015-05-07T17:18:29Z,UC3sZvD8GeKG5VyGcSXzipIQ,City of Angels ICC,Welcome to the Official Public YouTube Channel for the City of Angels International Christian Church (ICC). If you would like to ...,"{'default': {'url': 'https://yt3.ggpht.com/ytc/AIdro_l6YSXYgy55tr68Xofiy4wFnI5WdSfefXIdMZSCwijEQA=s88-c-k-c0xffffffff-no-rj-mo'}, 'medium': {'url': 'https://yt3.ggpht.com/ytc/AIdro_l6YSXYgy55tr68Xofiy4wFnI5WdSfefXIdMZSCwijEQA=s240-c-k-c0xffffffff-no-rj-mo'}, 'high': {'url': 'https://yt3.ggpht.com/ytc/AIdro_l6YSXYgy55tr68Xofiy4wFnI5WdSfefXIdMZSCwijEQA=s800-c-k-c0xffffffff-no-rj-mo'}}",City of Angels ICC,upcoming,2015-05-07T17:18:29Z,https://yt3.ggpht.com/ytc/AIdro_l6YSXYgy55tr68Xofiy4wFnI5WdSfefXIdMZSCwijEQA=s88-c-k-c0xffffffff-no-rj-mo,False
2021-12-13T21:24:50Z,UC-xjFiQDjrKGkoEQlX1HJGA,Igreja Congregação Cristã - ICC,IGREJA CONGREGAÇÃO CRISTÃ (ICC) @igrejacongregacaocrista-ic968 ...,"{'default': {'url': 'https://yt3.ggpht.com/PSVzyQH1BorPIwbxU1z4-VYk1Hk9dgdGO6dPZIAuLgqck26H3Y_edprPXeppBQDutoq44-gJbXQ=s88-c-k-c0xffffffff-no-rj-mo'}, 'medium': {'url': 'https://yt3.ggpht.com/PSVzyQH1BorPIwbxU1z4-VYk1Hk9dgdGO6dPZIAuLgqck26H3Y_edprPXeppBQDutoq44-gJbXQ=s240-c-k-c0xffffffff-no-rj-mo'}, 'high': {'url': 'https://yt3.ggpht.com/PSVzyQH1BorPIwbxU1z4-VYk1Hk9dgdGO6dPZIAuLgqck26H3Y_edprPXeppBQDutoq44-gJbXQ=s800-c-k-c0xffffffff-no-rj-mo'}}",Igreja Congregação Cristã - ICC,none,2021-12-13T21:24:50Z,https://yt3.ggpht.com/PSVzyQH1BorPIwbxU1z4-VYk1Hk9dgdGO6dPZIAuLgqck26H3Y_edprPXeppBQDutoq44-gJbXQ=s88-c-k-c0xffffffff-no-rj-mo,False
2020-03-28T02:46:53Z,UCK636pg66rYTLBF-csPrGXw,Inspire Community Center - ICC Youth,Church should be enjoyed not endured. This is exactly what's in the mind of us young people when we decide to step into a ...,"{'default': {'url': 'https://yt3.ggpht.com/ytc/AIdro_kR58KHC6vfqrT_Our071Tdz3cMsRyF-_gymsAROg8egA=s88-c-k-c0xffffffff-no-rj-mo'}, 'medium': {'url': 'https://yt3.ggpht.com/ytc/AIdro_kR58KHC6vfqrT_Our071Tdz3cMsRyF-_gymsAROg8egA=s240-c-k-c0xffffffff-no-rj-mo'}, 'high': {'url': 'https://yt3.ggpht.com/ytc/AIdro_kR58KHC6vfqrT_Our071Tdz3cMsRyF-_gymsAROg8egA=s800-c-k-c0xffffffff-no-rj-mo'}}",Inspire Community Center - ICC Youth,upcoming,2020-03-28T02:46:53Z,https://yt3.ggpht.com/ytc/AIdro_kR58KHC6vfqrT_Our071Tdz3cMsRyF-_gymsAROg8egA=s88-c-k-c0xffffffff-no-rj-mo,False
2023-06-10T10:34:45Z,UCIZ5TgSOVnlOyPfCS_Qzxeg,ICC Jimbo,Elite Cricket Content and Streams!!! Australia are the World Cup Champions!!!!!! Australia Retain the Ashes Australia are the World ...,"{'default': {'url': 'https://yt3.ggpht.com/flF7SVNQD_yL2zPY8o3Rsm2l5kRNsQkAcP6ScyJMpNASKQVNyfhZg5rZgWB7TxzDJAxZsInI=s88-c-k-c0xffffffff-no-rj-mo'}, 'medium': {'url': 'https://yt3.ggpht.com/flF7SVNQD_yL2zPY8o3Rsm2l5kRNsQkAcP6ScyJMpNASKQVNyfhZg5rZgWB7TxzDJAxZsInI=s240-c-k-c0xffffffff-no-rj-mo'}, 'high': {'url': 'https://yt3.ggpht.com/flF7SVNQD_yL2zPY8o3Rsm2l5kRNsQkAcP6ScyJMpNASKQVNyfhZg5rZgWB7TxzDJAxZsInI=s800-c-k-c0xffffffff-no-rj-mo'}}",ICC Jimbo,upcoming,2023-06-10T10:34:45Z,https://yt3.ggpht.com/flF7SVNQD_yL2zPY8o3Rsm2l5kRNsQkAcP6ScyJMpNASKQVNyfhZg5rZgWB7TxzDJAxZsInI=s88-c-k-c0xffffffff-no-rj-mo,False
2023-10-19T01:47:22Z,UCgkrh5lxQXamAa0l7Gy4YKg,Khmer ICC News,ឆានែលនេះមិនបម្រើបក្សណាឡើយ!!,"{'default': {'url': 'https://yt3.ggpht.com/sjLsfuT_2ZtlnC4rStjSoV6mZHZL3S6jmZEhB7X5174gpuFL5HRQZqqFS92gTc1hVC8A1RtWXw=s88-c-k-c0xffffffff-no-rj-mo'}, 'medium': {'url': 'https://yt3.ggpht.com/sjLsfuT_2ZtlnC4rStjSoV6mZHZL3S6jmZEhB7X5174gpuFL5HRQZqqFS92gTc1hVC8A1RtWXw=s240-c-k-c0xffffffff-no-rj-mo'}, 'high': {'url': 'https://yt3.ggpht.com/sjLsfuT_2ZtlnC4rStjSoV6mZHZL3S6jmZEhB7X5174gpuFL5HRQZqqFS92gTc1hVC8A1RtWXw=s800-c-k-c0xffffffff-no-rj-mo'}}",Khmer ICC News,none,2023-10-19T01:47:22Z,https://yt3.ggpht.com/sjLsfuT_2ZtlnC4rStjSoV6mZHZL3S6jmZEhB7X5174gpuFL5HRQZqqFS92gTc1hVC8A1RtWXw=s88-c-k-c0xffffffff-no-rj-mo,False
2017-11-01T00:39:07Z,UCFeGrIlAorXuZI2bTirUh-g,ICC TV AMIENS,Impact Centre Chrétien Amiens est une église où l'amour de Dieu transforme des gens ordinaires en champions ! Notre vision est ...,"{'default': {'url': 'https://yt3.ggpht.com/ytc/AIdro_lX-1GPIC5DyVpWTiPpD9TCknH2wcWm6KRsGkJ2apETaU0=s88-c-k-c0xffffffff-no-rj-mo'}, 'medium': {'url': 'https://yt3.ggpht.com/ytc/AIdro_lX-1GPIC5DyVpWTiPpD9TCknH2wcWm6KRsGkJ2apETaU0=s240-c-k-c0xffffffff-no-rj-mo'}, 'high': {'url': 'https://yt3.ggpht.com/ytc/AIdro_lX-1GPIC5DyVpWTiPpD9TCknH2wcWm6KRsGkJ2apETaU0=s800-c-k-c0xffffffff-no-rj-mo'}}",ICC TV AMIENS,none,2017-11-01T00:39:07Z,https://yt3.ggpht.com/ytc/AIdro_lX-1GPIC5DyVpWTiPpD9TCknH2wcWm6KRsGkJ2apETaU0=s88-c-k-c0xffffffff-no-rj-mo,False
2020-01-28T08:34:22Z,UCok0ZUDEKGAsdoshJVKMzpg,ICC 마가,인천마가의다락방교회소속 청년 공동체 IN CHRIST COMMUNITY MAGA ⌚ 예배 시간 주일예배 : 매주 주일 오후 3시 00분 장소 ...,"{'default': {'url': 'https://yt3.ggpht.com/naHXAvqZDirSstrDs-BMlwsPE2eRWW0-opAFs9h7xMBtGX2BhxlqSJyIHf-AB_IzGwFuQwAz5g=s88-c-k-c0xffffffff-no-rj-mo'}, 'medium': {'url': 'https://yt3.ggpht.com/naHXAvqZDirSstrDs-BMlwsPE2eRWW0-opAFs9h7xMBtGX2BhxlqSJyIHf-AB_IzGwFuQwAz5g=s240-c-k-c0xffffffff-no-rj-mo'}, 'high': {'url': 'https://yt3.ggpht.com/naHXAvqZDirSstrDs-BMlwsPE2eRWW0-opAFs9h7xMBtGX2BhxlqSJyIHf-AB_IzGwFuQwAz5g=s800-c-k-c0xffffffff-no-rj-mo'}}",ICC 마가,none,2020-01-28T08:34:22Z,https://yt3.ggpht.com/naHXAvqZDirSstrDs-BMlwsPE2eRWW0-opAFs9h7xMBtGX2BhxlqSJyIHf-AB_IzGwFuQwAz5g=s88-c-k-c0xffffffff-no-rj-mo,False
2014-10-16T18:25:27Z,UCo-bXjTL9amLkRWjf1xtsLw,ICC OFICIAL,Para contrataciones de ICC Llamar al desde MEXICO: 56-30-87-89-79.,"{'default': {'url': 'https://yt3.ggpht.com/BWH2TPJt8nLA6SIbMDGp2tWKdCxRg0UihLPkKExE03Ut71FyOUJ8CSPOwBosvzY4QV-GcHHlbM0=s88-c-k-c0xffffffff-no-rj-mo'}, 'medium': {'url': 'https://yt3.ggpht.com/BWH2TPJt8nLA6SIbMDGp2tWKdCxRg0UihLPkKExE03Ut71FyOUJ8CSPOwBosvzY4QV-GcHHlbM0=s240-c-k-c0xffffffff-no-rj-mo'}, 'high': {'url': 'https://yt3.ggpht.com/BWH2TPJt8nLA6SIbMDGp2tWKdCxRg0UihLPkKExE03Ut71FyOUJ8CSPOwBosvzY4QV-GcHHlbM0=s800-c-k-c0xffffffff-no-rj-mo'}}",ICC OFICIAL,none,2014-10-16T18:25:27Z,https://yt3.ggpht.com/BWH2TPJt8nLA6SIbMDGp2tWKdCxRg0UihLPkKExE03Ut71FyOUJ8CSPOwBosvzY4QV-GcHHlbM0=s88-c-k-c0xffffffff-no-rj-mo,False
2016-01-23T15:04:04Z,UCm2qER9kT1T_OTsX-j6GsqQ,ICC House Of Prayer,ICC House Of Prayer Edmonton where JESUS CHRIST IS LORD Inspirational Charismatic Church known as ICC House of Prayer ...,"{'default': {'url': 'https://yt3.ggpht.com/ytc/AIdro_nllm7LxDeILG32O5VrcCRUx3ynTeuV_mOPJWmZU6iwGPs=s88-c-k-c0xffffffff-no-rj-mo'}, 'medium': {'url': 'https://yt3.ggpht.com/ytc/AIdro_nllm7LxDeILG32O5VrcCRUx3ynTeuV_mOPJWmZU6iwGPs=s240-c-k-c0xffffffff-no-rj-mo'}, 'high': {'url': 'https://yt3.ggpht.com/ytc/AIdro_nllm7LxDeILG32O5VrcCRUx3ynTeuV_mOPJWmZU6iwGPs=s800-c-k-c0xffffffff-no-rj-mo'}}",ICC House Of Prayer,upcoming,2016-01-23T15:04:04Z,https://yt3.ggpht.com/ytc/AIdro_nllm7LxDeILG32O5VrcCRUx3ynTeuV_mOPJWmZU6iwGPs=s88-c-k-c0xffffffff-no-rj-mo,False
2020-08-04T05:55:54Z,UCkXneNLhTRM8ii0F-ljg3BQ,ICC TV English,Impact Christian Center (ICC) is a church where the love of God turns ordinary people into champions. The ICC family gathers in ...,"{'default': {'url': 'https://yt3.ggpht.com/ytc/AIdro_lh7B4DLESA9pL3JnizU21HfE0jKaOH5jcLp445zP9iiw=s88-c-k-c0xffffffff-no-rj-mo'}, 'medium': {'url': 'https://yt3.ggpht.com/ytc/AIdro_lh7B4DLESA9pL3JnizU21HfE0jKaOH5jcLp445zP9iiw=s240-c-k-c0xffffffff-no-rj-mo'}, 'high': {'url': 'https://yt3.ggpht.com/ytc/AIdro_lh7B4DLESA9pL3JnizU21HfE0jKaOH5jcLp445zP9iiw=s800-c-k-c0xffffffff-no-rj-mo'}}",ICC TV English,none,2020-08-04T05:55:54Z,https://yt3.ggpht.com/ytc/AIdro_lh7B4DLESA9pL3JnizU21HfE0jKaOH5jcLp445zP9iiw=s88-c-k-c0xffffffff-no-rj-mo,False
2021-06-04T22:42:30Z,UC9hmRaIunB87ztfqiKbEPFQ,ICC TV Swahili,Impact centre chrétien (Icc) ni kanisa kwenye upendo wa Mungu una badili watu wa kawaida kuwa washindi . Familia Icc ...,"{'default': {'url': 'https://yt3.ggpht.com/qOK0vKlrpvrHM1Rz_OcscN-diu1edmnd5VaDftQr9iWROINfcIxwSgyuysRXsRTyCAKuVjUumA=s88-c-k-c0xffffffff-no-rj-mo'}, 'medium': {'url': 'https://yt3.ggpht.com/qOK0vKlrpvrHM1Rz_OcscN-diu1edmnd5VaDftQr9iWROINfcIxwSgyuysRXsRTyCAKuVjUumA=s240-c-k-c0xffffffff-no-rj-mo'}, 'high': {'url': 'https://yt3.ggpht.com/qOK0vKlrpvrHM1Rz_OcscN-diu1edmnd5VaDftQr9iWROINfcIxwSgyuysRXsRTyCAKuVjUumA=s800-c-k-c0xffffffff-no-rj-mo'}}",ICC TV Swahili,none,2021-06-04T22:42:30Z,https://yt3.ggpht.com/qOK0vKlrpvrHM1Rz_OcscN-diu1edmnd5VaDftQr9iWROINfcIxwSgyuysRXsRTyCAKuVjUumA=s88-c-k-c0xffffffff-no-rj-mo,False
2012-07-17T19:26:07Z,UCiNd2zpSCAW5khTQBHRzrhQ,Iglesia Cuadrangular La Paz,,"{'default': {'url': 'https://yt3.ggpht.com/e66xdI0YXiqgDrSCL575OO9FaEPvqJITe2ZCBUGlxqqcf77h__KlMJ-k9w9sDoPYVujqJhCIGA=s88-c-k-c0xffffffff-no-rj-mo'}, 'medium': {'url': 'https://yt3.ggpht.com/e66xdI0YXiqgDrSCL575OO9FaEPvqJITe2ZCBUGlxqqcf77h__KlMJ-k9w9sDoPYVujqJhCIGA=s240-c-k-c0xffffffff-no-rj-mo'}, 'high': {'url': 'https://yt3.ggpht.com/e66xdI0YXiqgDrSCL575OO9FaEPvqJITe2ZCBUGlxqqcf77h__KlMJ-k9w9sDoPYVujqJhCIGA=s800-c-k-c0xffffffff-no-rj-mo'}}",Iglesia Cuadrangular La Paz,none,2012-07-17T19:26:07Z,https://yt3.ggpht.com/e66xdI0YXiqgDrSCL575OO9FaEPvqJITe2ZCBUGlxqqcf77h__KlMJ-k9w9sDoPYVujqJhCIGA=s88-c-k-c0xffffffff-no-rj-mo,False
2019-08-04T13:14:18Z,UCEem3UQ86CUD6xJn4A9HrYA,Ranjeet Kumar icc,"नमस्कार दोस्तों, आपका स्वागत है आपके अपने YouTube channel me ✍️✍️✍️ यह एक ...","{'default': {'url': 'https://yt3.ggpht.com/MIDgQ1Ix6_A7uke8gzGddU464h0taemZn5zOswBh6T_zrMOEiqZlo41J8GpSsyTSwZGIr8RB4g=s88-c-k-c0xffffffff-no-rj-mo'}, 'medium': {'url': 'https://yt3.ggpht.com/MIDgQ1Ix6_A7uke8gzGddU464h0taemZn5zOswBh6T_zrMOEiqZlo41J8GpSsyTSwZGIr8RB4g=s240-c-k-c0xffffffff-no-rj-mo'}, 'high': {'url': 'https://yt3.ggpht.com/MIDgQ1Ix6_A7uke8gzGddU464h0taemZn5zOswBh6T_zrMOEiqZlo41J8GpSsyTSwZGIr8RB4g=s800-c-k-c0xffffffff-no-rj-mo'}}",Ranjeet Kumar icc,upcoming,2019-08-04T13:14:18Z,https://yt3.ggpht.com/MIDgQ1Ix6_A7uke8gzGddU464h0taemZn5zOswBh6T_zrMOEiqZlo41J8GpSsyTSwZGIr8RB4g=s88-c-k-c0xffffffff-no-rj-mo,False
2012-05-11T12:32:05Z,UCfU1m2HIgRW1id5DjyFTVkw,ICCNYCTV,,"{'default': {'url': 'https://yt3.ggpht.com/ytc/AIdro_mLM0iZwCx8l6eHTBIzc98ZXO4B64xkBJl--TjN91zEKQ=s88-c-k-c0xffffffff-no-rj-mo'}, 'medium': {'url': 'https://yt3.ggpht.com/ytc/AIdro_mLM0iZwCx8l6eHTBIzc98ZXO4B64xkBJl--TjN91zEKQ=s240-c-k-c0xffffffff-no-rj-mo'}, 'high': {'url': 'https://yt3.ggpht.com/ytc/AIdro_mLM0iZwCx8l6eHTBIzc98ZXO4B64xkBJl--TjN91zEKQ=s800-c-k-c0xffffffff-no-rj-mo'}}",ICCNYCTV,upcoming,2012-05-11T12:32:05Z,https://yt3.ggpht.com/ytc/AIdro_mLM0iZwCx8l6eHTBIzc98ZXO4B64xkBJl--TjN91zEKQ=s88-c-k-c0xffffffff-no-rj-mo,False
2019-07-17T18:35:39Z,UCxoy-5U4sktmeevJ0xt96dQ,ICC Nueva Vida CDMX,Iglesia de Compañerismo Cristiano Nueva Vida.,"{'default': {'url': 'https://yt3.ggpht.com/EB98zw1wX_BBD_6Sh8aSeRcQOblQpmmqwOTv3zjicyI_aJNjwF4W4me4JGzr7Zx8VPPUxJKK=s88-c-k-c0xffffffff-no-rj-mo'}, 'medium': {'url': 'https://yt3.ggpht.com/EB98zw1wX_BBD_6Sh8aSeRcQOblQpmmqwOTv3zjicyI_aJNjwF4W4me4JGzr7Zx8VPPUxJKK=s240-c-k-c0xffffffff-no-rj-mo'}, 'high': {'url': 'https://yt3.ggpht.com/EB98zw1wX_BBD_6Sh8aSeRcQOblQpmmqwOTv3zjicyI_aJNjwF4W4me4JGzr7Zx8VPPUxJKK=s800-c-k-c0xffffffff-no-rj-mo'}}",ICC Nueva Vida CDMX,upcoming,2019-07-17T18:35:39Z,https://yt3.ggpht.com/EB98zw1wX_BBD_6Sh8aSeRcQOblQpmmqwOTv3zjicyI_aJNjwF4W4me4JGzr7Zx8VPPUxJKK=s88-c-k-c0xffffffff-no-rj-mo,False
2020-03-23T13:34:37Z,UChxyhzt3TZbEXHpajTnKM6w,ICC González Catán,Pastor Sebastián González ¡SUSCRIBITE Y ACTIVA LA CAMPANITA! Contacto: iccgonzalezcatan@gmail.com ...,"{'default': {'url': 'https://yt3.ggpht.com/sCIQcn26FTuO3VCwAlEYAJbrnDBgVJS4Ncq4XKbonho4P5bJU1I5Hab5YXHXGPIHGpvt1CyOLA=s88-c-k-c0xffffffff-no-rj-mo'}, 'medium': {'url': 'https://yt3.ggpht.com/sCIQcn26FTuO3VCwAlEYAJbrnDBgVJS4Ncq4XKbonho4P5bJU1I5Hab5YXHXGPIHGpvt1CyOLA=s240-c-k-c0xffffffff-no-rj-mo'}, 'high': {'url': 'https://yt3.ggpht.com/sCIQcn26FTuO3VCwAlEYAJbrnDBgVJS4Ncq4XKbonho4P5bJU1I5Hab5YXHXGPIHGpvt1CyOLA=s800-c-k-c0xffffffff-no-rj-mo'}}",ICC González Catán,upcoming,2020-03-23T13:34:37Z,https://yt3.ggpht.com/sCIQcn26FTuO3VCwAlEYAJbrnDBgVJS4Ncq4XKbonho4P5bJU1I5Hab5YXHXGPIHGpvt1CyOLA=s88-c-k-c0xffffffff-no-rj-mo,False
2018-10-01T16:06:47Z,UCDgQCg-qPEBQLJWH9NzCg3Q,ICC Ann Arbor,,"{'default': {'url': 'https://yt3.ggpht.com/ytc/AIdro_kyWsGTMeEJodTmT4QyyEORfp1AJsDdjFZ9hO-SfeyPYg=s88-c-k-c0xffffffff-no-rj-mo'}, 'medium': {'url': 'https://yt3.ggpht.com/ytc/AIdro_kyWsGTMeEJodTmT4QyyEORfp1AJsDdjFZ9hO-SfeyPYg=s240-c-k-c0xffffffff-no-rj-mo'}, 'high': {'url': 'https://yt3.ggpht.com/ytc/AIdro_kyWsGTMeEJodTmT4QyyEORfp1AJsDdjFZ9hO-SfeyPYg=s800-c-k-c0xffffffff-no-rj-mo'}}",ICC Ann Arbor,none,2018-10-01T16:06:47Z,https://yt3.ggpht.com/ytc/AIdro_kyWsGTMeEJodTmT4QyyEORfp1AJsDdjFZ9hO-SfeyPYg=s88-c-k-c0xffffffff-no-rj-mo,False
2019-07-23T13:18:47Z,UCNiFiGBPW3HoiRPIqUnx4qg,ICC Imanuel Comunity Church,ICC WORSHIP.,"{'default': {'url': 'https://yt3.ggpht.com/ytc/AIdro_lqfnJBNRNRDO6X_9P5tBLqpqC5BXQ_I1oBS5I1ZxlX_A=s88-c-k-c0xffffffff-no-rj-mo'}, 'medium': {'url': 'https://yt3.ggpht.com/ytc/AIdro_lqfnJBNRNRDO6X_9P5tBLqpqC5BXQ_I1oBS5I1ZxlX_A=s240-c-k-c0xffffffff-no-rj-mo'}, 'high': {'url': 'https://yt3.ggpht.com/ytc/AIdro_lqfnJBNRNRDO6X_9P5tBLqpqC5BXQ_I1oBS5I1ZxlX_A=s800-c-k-c0xffffffff-no-rj-mo'}}",ICC Imanuel Comunity Church,upcoming,2019-07-23T13:18:47Z,https://yt3.ggpht.com/ytc/AIdro_lqfnJBNRNRDO6X_9P5tBLqpqC5BXQ_I1oBS5I1ZxlX_A=s88-c-k-c0xffffffff-no-rj-mo,False
2021-03-27T15:56:51Z,UCMYc5jxFvwaSXxoI_TUgIjw,ICC Foz,International Christian Church Ser uma igreja que hospeda a glória de Deus permanente é o que queima o nosso coração ...,"{'default': {'url': 'https://yt3.ggpht.com/T19We5Wsep3BDi1kPtiPmm1CcMACtGDQk-j1T_Du5no4zm777u19KyBXJ4EaV9Jyr6RYDyoGtA=s88-c-k-c0xffffffff-no-rj-mo'}, 'medium': {'url': 'https://yt3.ggpht.com/T19We5Wsep3BDi1kPtiPmm1CcMACtGDQk-j1T_Du5no4zm777u19KyBXJ4EaV9Jyr6RYDyoGtA=s240-c-k-c0xffffffff-no-rj-mo'}, 'high': {'url': 'https://yt3.ggpht.com/T19We5Wsep3BDi1kPtiPmm1CcMACtGDQk-j1T_Du5no4zm777u19KyBXJ4EaV9Jyr6RYDyoGtA=s800-c-k-c0xffffffff-no-rj-mo'}}",ICC Foz,none,2021-03-27T15:56:51Z,https://yt3.ggpht.com/T19We5Wsep3BDi1kPtiPmm1CcMACtGDQk-j1T_Du5no4zm777u19KyBXJ4EaV9Jyr6RYDyoGtA=s88-c-k-c0xffffffff-no-rj-mo,False
2020-04-22T21:13:20Z,UCfzDRjgeoIzeB5uIDjDgliw,ICC Brossard,The ICC Brossard is a multidisciplinary services center contributing to the betterment of parents and children quality of life.,"{'default': {'url': 'https://yt3.ggpht.com/ytc/AIdro_m7heFBUZ7Si0QA1kx1WjdZ_2aPQ3AZUNXFsPX7LUJ1OAOPIt2dM4430mdARXwcc-CmHw=s88-c-k-c0xffffffff-no-rj-mo'}, 'medium': {'url': 'https://yt3.ggpht.com/ytc/AIdro_m7heFBUZ7Si0QA1kx1WjdZ_2aPQ3AZUNXFsPX7LUJ1OAOPIt2dM4430mdARXwcc-CmHw=s240-c-k-c0xffffffff-no-rj-mo'}, 'high': {'url': 'https://yt3.ggpht.com/ytc/AIdro_m7heFBUZ7Si0QA1kx1WjdZ_2aPQ3AZUNXFsPX7LUJ1OAOPIt2dM4430mdARXwcc-CmHw=s800-c-k-c0xffffffff-no-rj-mo'}}",ICC Brossard,upcoming,2020-04-22T21:13:20Z,https://yt3.ggpht.com/ytc/AIdro_m7heFBUZ7Si0QA1kx1WjdZ_2aPQ3AZUNXFsPX7LUJ1OAOPIt2dM4430mdARXwcc-CmHw=s88-c-k-c0xffffffff-no-rj-mo,False
2016-10-24T13:54:01Z,UCGcqxElUZkc_H3wgU-XCgFA,ICC RECORDS,,"{'default': {'url': 'https://yt3.ggpht.com/ytc/AIdro_n4vKYSDzo8jx1CIlLqmdhGDAQpEups0axF3r2Lc-4qXg=s88-c-k-c0xffffffff-no-rj-mo'}, 'medium': {'url': 'https://yt3.ggpht.com/ytc/AIdro_n4vKYSDzo8jx1CIlLqmdhGDAQpEups0axF3r2Lc-4qXg=s240-c-k-c0xffffffff-no-rj-mo'}, 'high': {'url': 'https://yt3.ggpht.com/ytc/AIdro_n4vKYSDzo8jx1CIlLqmdhGDAQpEups0axF3r2Lc-4qXg=s800-c-k-c0xffffffff-no-rj-mo'}}",ICC RECORDS,none,2016-10-24T13:54:01Z,https://yt3.ggpht.com/ytc/AIdro_n4vKYSDzo8jx1CIlLqmdhGDAQpEups0axF3r2Lc-4qXg=s88-c-k-c0xffffffff-no-rj-mo,False
2021-05-28T21:05:25Z,UCEJ1IP3GezmkAgU_cZC7g3g,ICC TV Português,Impacto Centro Cristão (ICC) é uma igreja onde o amor de Deus transforma pessoas ordinárias em verdadeiras campeãs.,"{'default': {'url': 'https://yt3.ggpht.com/PYDBktsE53X8_lze8al8JF1kJxgx9qzbUteDnh01chVDWi-EBABVqI6JRMW09R2vjTHQpgXdpA=s88-c-k-c0xffffffff-no-rj-mo'}, 'medium': {'url': 'https://yt3.ggpht.com/PYDBktsE53X8_lze8al8JF1kJxgx9qzbUteDnh01chVDWi-EBABVqI6JRMW09R2vjTHQpgXdpA=s240-c-k-c0xffffffff-no-rj-mo'}, 'high': {'url': 'https://yt3.ggpht.com/PYDBktsE53X8_lze8al8JF1kJxgx9qzbUteDnh01chVDWi-EBABVqI6JRMW09R2vjTHQpgXdpA=s800-c-k-c0xffffffff-no-rj-mo'}}",ICC TV Português,upcoming,2021-05-28T21:05:25Z,https://yt3.ggpht.com/PYDBktsE53X8_lze8al8JF1kJxgx9qzbUteDnh01chVDWi-EBABVqI6JRMW09R2vjTHQpgXdpA=s88-c-k-c0xffffffff-no-rj-mo,False
2021-03-16T16:53:18Z,UCjP8p67PZHJ9ffsGOF3IMTQ,ICC Brother's Halaqa,https://linktr.ee/iccbroshalaqa SUBSCRIBE https://m.youtube.com/channel/UCjP8p67PZHJ9ffsGOF3IMTQ Follow us on: ...,"{'default': {'url': 'https://yt3.ggpht.com/nJYDooau5zgbrkHoVI6dF_Xvz_Wof_2uVF2lfAlLytqnrDQ0SWsNlWpXBqfrGn61kjLi_dDj=s88-c-k-c0xffffffff-no-rj-mo'}, 'medium': {'url': 'https://yt3.ggpht.com/nJYDooau5zgbrkHoVI6dF_Xvz_Wof_2uVF2lfAlLytqnrDQ0SWsNlWpXBqfrGn61kjLi_dDj=s240-c-k-c0xffffffff-no-rj-mo'}, 'high': {'url': 'https://yt3.ggpht.com/nJYDooau5zgbrkHoVI6dF_Xvz_Wof_2uVF2lfAlLytqnrDQ0SWsNlWpXBqfrGn61kjLi_dDj=s800-c-k-c0xffffffff-no-rj-mo'}}",ICC Brother's Halaqa,none,2021-03-16T16:53:18Z,https://yt3.ggpht.com/nJYDooau5zgbrkHoVI6dF_Xvz_Wof_2uVF2lfAlLytqnrDQ0SWsNlWpXBqfrGn61kjLi_dDj=s88-c-k-c0xffffffff-no-rj-mo,False
2019-05-12T15:40:11Z,UClYzpmC43IC6PBodBd7JCKQ,ICC Texas,"International Christian Church Located in Flower Mound, TX We host a weekly Sunday worship service in both English and ...","{'default': {'url': 'https://yt3.ggpht.com/ytc/AIdro_nhidPyz_2tbbbEexWZJKtP5U2l5FUbVTF4KLORhuYm1A=s88-c-k-c0xffffffff-no-rj-mo'}, 'medium': {'url': 'https://yt3.ggpht.com/ytc/AIdro_nhidPyz_2tbbbEexWZJKtP5U2l5FUbVTF4KLORhuYm1A=s240-c-k-c0xffffffff-no-rj-mo'}, 'high': {'url': 'https://yt3.ggpht.com/ytc/AIdro_nhidPyz_2tbbbEexWZJKtP5U2l5FUbVTF4KLORhuYm1A=s800-c-k-c0xffffffff-no-rj-mo'}}",ICC Texas,upcoming,2019-05-12T15:40:11Z,https://yt3.ggpht.com/ytc/AIdro_nhidPyz_2tbbbEexWZJKtP5U2l5FUbVTF4KLORhuYm1A=s88-c-k-c0xffffffff-no-rj-mo,False
